237,Baked,Pork,Chops,Low,Fat,Version,  ,center,pork,chops,trimmed,of,any,visible,fat,garlic,powder,seasoning,salt,egg,beaten,with,egg,substitute,all,purpose,flour,Italian,style,seasoned,bread,crumbs,tablespoons,olive,oil,canola,cooking,spray,ounce,reduced,fat,condensed,cream,of,mushroom,soup,low,fat,milk,white,wine
25,Cheddar,Artichoke,Quiche,Cups,  ,ounce,jar,marinated,artichoke,hearts,small,onion,finely,garlic,clove,minced,eggs,beaten,dry,bread,crumbs,ground,mustard,dried,oregano,pepper,hot,pepper,sauce,ounce,packages,shredded,Cheddar,cheese,tablespoons,minced,fresh,parsley
70,Alisons,Slow,Cooker,Vegetable,Beef,Soup,  ,pounds,cubed,beef,stew,meat,water,small,onion,ounce,crushed,tomatoes,ounce,package,frozen,mixed,vegetables,potatoes,peeled,cubed,cubes,beef,bouillon,crumbled,ground,black,pepper,tablespoon,salt,tablespoon,dried,basil
59,Fancy,Brussels,Sprouts,  ,water,minced,fresh,parsley,sugar,salt,Brussels,sprouts,halved,ounce,water,chestnuts,drained,diced,tablespoon,butter,margarine
17,Bakers,Secret,Pie,Crust,  ,cake,flour,all,purpose,flour,white,sugar,salt,baking,powder,tablespoons,unsalted,butter,tablespoons,shortening,egg,yolk,distilled,white,vinegar,cubes,ice,cold,water
144,Baked,Apple,Oatmeal,  ,milk,packed,brown,sugar,butter,margarine,salt,ground,cinnamon,old,fashioned,oats,peeled,apples,walnuts,raisins,wheat,germ
47,Pot,Bean,Chicken,Stew,  ,tablespoon,canola,oil,pounds,boneless,skinless,chicken,breast,thighs,in,chunks,large,yellow,onion,sliced,celery,thinly,sliced,carrots,no,salt,added,tomatoes,ounce,fat,free,less,sodium,chicken,broth,ounce,no,salt,added,black,beans,ounce,no,salt,added,navy,beans,ounce,no,salt,added,kidney,beans,dry,red,wine,bay,leaf,tablespoon,Italian,herbs,smoked,chicken,breast,cubed,fresh,Italian,parsley,fresh,cilantro,salt,pepper
110,Babis,Bean,Salad,  ,dried,black,eyed,peas,soaked,overnight,celery,with,leaves,shredded,carrot,fresh,parsley,white,onion,fresh,mint,olive,oil,oranges,juiced,lemon,juiced,garlic,clove,pressed,ground,coriander,salt,freshly,ground,black,pepper,brown,sugar
34,A,Very, ,ntense,Fruit,Smoothie,  ,ounce,package,frozen,mixed,berries,ounce,sliced,peaches,drained,tablespoons,honey
253,Bs,Cordon,Bleu,Bundles,  ,olive,oil,boneless,skinless,chicken,breast,halves,ounce,refrigerated,large,crescent,roll,dough,ounces,Brie,cheese,bunch,fresh,spinach,rinsed,stems,removed,ounce,slices,prosciutto
239,Bahama,Mama,    ,fluid,ounce,dark,rum,fluid,ounce,apricot,brandy,fluid,ounces,fruit,punch,fluid,ounce,pina,colada,mix
222,Crustless,Spinach,Quiche,  ,ounces,reduced,fat,cream,cheese,softened,fat,free,milk,egg,substitute,pepper,shredded,reduced,fat,Cheddar,cheese,ounce,package,frozen,spinach,thawed,squeezed,dry,frozen,broccoli,thawed,well,drained,small,onion,finely,fresh,mushrooms,sliced
7,Baked,Chicken,Breasts,Supreme,  ,Plain,yogurt,sour,cream,lemon,juice,Worcestershire,sauce,celery,seed,Hungarian,sweet,paprika,garlic,clove,minced,salt,pepper,skinless,boneless,chicken,breast,halves,fine,dry,bread,crumbs
87,Cabin,Hash,  ,medium,potatoes,peeled,cooked,cubed,cubed,fully,cooked,ham,onion,butter,margarine,ounce,package,frozen,broccoli,thawed,salt,pepper,to,taste,Sour,cream
107,Broccoli,Chicken,Roli,  ,cooked,chicken,meat,fresh,broccoli,onion,green,bell,pepper,shredded,Cheddar,cheese,mayonnaise,tablespoons,Dijon,style,prepared,mustard,salt,pepper,to,taste,tablespoon,minced,garlic,ounce,package,refrigerated,crescent,rolls
185,Dilly,Chicken,Potatoes,  ,pound,broiler,fryer,chicken,up,pound,new,potatoes,into,chunks,tablespoons,cooking,oil,half,half,cream,salt,seasoned,pepper,sliced,green,onions,fresh,dill,weed,sour,cream
163,Arroz,con,Pollo,    ,to,pound,whole,chicken,into,pieces,tablespoon,olive,oil,onions,cloves,garlic,crushed,green,bell,pepper,ounce,tomato,sauce,pinch,saffron,salt,to,taste,cubes,chicken,bouillon,uncooked,white,rice,beer,ounce,peas,drained,red,bell,pepper,roasted,sliced
208,Crawfish,Chowder,  ,butter,bunch,green,onions,butter,pounds,frozen,crawfish,cleaned,ounce,condensed,cream,of,potato,soup,ounce,condensed,cream,of,mushroom,soup,ounce,whole,kernel,corn,drained,ounces,cream,cheese,softened,half,half,cream,cayenne,pepper
100,Fruit,Dip,  ,ounces,cream,cheese,marshmallow,creme,frozen,whipped,topping,thawed,unsweetened,pineapple,juice
83,Frosted,Shortbread,  ,butter,no,substitutes,softened,packed,brown,sugar,egg,yolk,vanilla,extract,all,purpose,flour,salt,ounce,bars,milk,chocolate,candy,bar,broken,into,rectangles,walnuts
211,apple,butter,spice,cake,  ,packed,brown,sugar,ground,cinnamon,ground,nutmeg,pecans,all,purpose,flour,baking,powder,baking,soda,salt,butter,softened,white,sugar,apple,butter,vanilla,extract,whole,bran,cereal,wheat,germ,sour,cream,eggs,beaten
106,Festive,Shortbread,Logs,  ,butter,softened,confectioners,sugar,vanilla,extract,all,purpose,flour,semisweet,chocolate,chips,shortening,ground,walnuts
44,Chicken,Pot,Pie,    ,bone,in,chicken,breast,halves,skinless,ounce,chicken,broth,potatoes,yellow,onion,stalks,celery,tablespoons,vegetable,oil,tablespoons,all,purpose,flour,frozen,mixed,vegetables,to,taste,salt,pepper,to,taste,garlic,powder,frozen,prepared,pie,crust,thawed
35,Delicious,Artichoke,Dip,  ,mayonnaise,sour,cream,grated,Parmesan,cheese,ounce,artichoke,hearts,drained,minced,red,onion,tablespoon,lemon,juice,salt,pepper,to,taste
120,Grandmas,Gnocchi,  ,russet,potatoes,all,purpose,flour,egg,lightly,beaten,tablespoon,olive,oil,pinch,salt
112,Easy,Pavlova,  ,egg,whites,white,sugar,vanilla,extract,lemon,juice,cornstarch,pint,heavy,cream,kiwi,peeled,sliced
31,Caraway,Rye,Muffins,  ,rye,flour,all,purpose,flour,sugar,baking,powder,salt,caraway,seeds,shredded,Cheddar,cheese,egg,beaten,milk,vegetable,oil
62,Fiery,Fish,Tacos,with,Crunchy,Corn,Salsa,  ,corn,diced,red,onion,peeled,jicama,diced,red,bell,pepper,fresh,cilantro,leaves,finely,lime,zested,juiced,tablespoons,sour,cream,tablespoons,cayenne,pepper,tablespoon,ground,black,pepper,tablespoons,salt,ounce,fillets,tilapia,tablespoons,olive,oil,corn,tortillas,warmed
215,Chicken,Herbs,in,White,Wine,  ,tablespoons,olive,oil,pound,chicken,into,pieces,garlic,powder,to,taste,pound,fresh,mushrooms,sliced,large,onion,diced,dried,basil,dried,oregano,dried,rosemary,dried,thyme,garlic,salt,black,pepper,poultry,seasoning,dry,white,wine,ounce,chicken,broth
51,Biriyani,  ,tablespoons,olive,oil,tablespoons,plain,yogurt,tablespoons,distilled,white,vinegar,medium,onion,sliced,cloves,garlic,crushed,tablespoon,ginger,paste,small,green,chile,peppers,medium,tomatoes,tablespoons,garam,masala,tablespoon,dried,mint,salt,pepper,to,taste,sprigs,cilantro,pound,whole,chicken,skin,removed,into,pieces,quarts,water,uncooked,basmati,rice,bay,leaf,pods,green,cardamom,pod,black,cardamom,cinnamon,stick,salt,to,taste,powdered,yellow,food,coloring
171,A,Surprise, ,nside,French,Toast,  ,thick,slices,French,bread,ricotta,cheese,cottage,cheese,whipped,tablespoons,lowfat,cream,cheese,white,sugar,vanilla,extract,egg,substitute,evaporated,milk
220,French,Apple,Cream,Pie,  ,recipe,pastry,for,a,double,crust,pie,ounce,apple,pie,filling,ground,cinnamon,ground,nutmeg,lemon,zest,egg,white,sugar,tablespoon,lemon,juice,ounces,cream,cheese,sour,cream
172,Chocolate,Crisps,  ,tablespoon,butter,softened,egg,white,white,sugar,vanilla,extract,tablespoons,all,purpose,flour,tablespoon,unsweetened,cocoa,powder,pinch,salt,ounce,square,unsweetened,chocolate,grated,confectioners,sugar,for,decoration
232,Double,Fudge,Brownie,Mix,  ,white,sugar,unsweetened,cocoa,powder,all,purpose,flour,pecans,semisweet,chocolate,chips
13,Aaahh,Potato,Soup,  ,Yukon,Gold,potatoes,cubed,ounce,package,au,gratin,instant,potato,mix,ounce,condensed,chicken,broth,water,heavy,cream
179,Chunky,Pizza,Dip,  ,tablespoons,olive,oil,garlic,cloves,minced,ounce,petite,diced,tomatoes,tomato,paste,dried,basil,dried,oregano
177,Candy,Coated,Milk,Chocolate,Pieces,Cookies,    ,shortening,packed,brown,sugar,white,sugar,eggs,vanilla,extract,all,purpose,flour,baking,soda,salt,candy,coated,milk,chocolate,pieces
223,Cookie,Bowl,  ,all,purpose,flour,unsweetened,cocoa,powder,salt,sliced,almonds,butter,softened,white,sugar,egg,beaten,vanilla,extract
105,Chai,Butter,Cookies,  ,unsalted,butter,chai,tea,mix,white,sugar,eggs,all,purpose,flour,tablespoon,baking,powder,salt,white,sugar,for,decoration
245,Gingered,Mango,Salsa,  ,peeled,mango,red,onion,minced,fresh,cilantro,lime,juice,tablespoons,minced,fresh,mint,tablespoon,minced,fresh,ginger,root,olive,oil,salt
81,Crab,Lobster,Stuffed,Mushrooms,  ,melted,butter,divided,pound,fresh,mushrooms,stems,removed,crushed,seasoned,croutons,shredded,mozzarella,cheese,ounce,crabmeat,drained,pound,lobster,tail,cleaned,tablespoons,minced,garlic,shredded,mozzarella,cheese,optional
38,Beths,Spicy,Oatmeal,Raisin,Cookies,  ,butter,softened,butter,flavored,shortening,packed,light,brown,sugar,white,sugar,eggs,vanilla,extract,all,purpose,flour,baking,soda,ground,cinnamon,ground,cloves,salt,rolled,oats,raisins
36,Atomic,Canuck,Chili,  ,pounds,lean,ground,beef,large,onion,diced,tablespoon,crushed,red,pepper,tablespoons,garlic,powder,tablespoon,seasoned,pepper,ounce,mushroom,pieces,drained,ounce,baked,beans,ounce,kidney,beans,with,liquid,ounce,tomato,paste,white,sugar,carrots,sliced,stalks,celery,sliced,green,bell,pepper,diced,red,bell,pepper,diced,jalapeno,chile,peppers,diced,Canadian,beer,tablespoons,crushed,red,pepper,hot,sauce,barbeque,sauce
14,Frosted,Ruby,Punch,  ,cranberry,juice,sugar,lemon,juice,orange,juice,ginger,ale,chilled,quart,raspberry,sherbet
118,Fast,Delicious,Black,Bean,Soup,  ,tablespoons,vegetable,oil,medium,onion,green,bell,pepper,large,carrot,peeled,thinly,sliced,cloves,garlic,minced,ounce,black,beans,ounce,chicken,broth,cubed,cooked,ham,cumin,salt,ground,black,pepper,to,taste,shredded,Cheddar,cheese,sour,cream
94,Blackened,Tuna,  ,pounds,fresh,tuna,steaks,thick,tablespoons,Cajun,seasoning,tablespoons,olive,oil,tablespoons,butter
141,Caramelized,Apple,Bites,  ,individually,wrapped,caramels,unwrapped,tablespoons,light,corn,syrup,apples,peeled,cored,diced
60,Churros,  ,water,tablespoons,white,sugar,salt,tablespoons,vegetable,oil,all,purpose,flour,quarts,oil,for,frying,white,sugar,to,taste,ground,cinnamon
43,Campfire,Angel,Food,Yummies,  ,angel,food,cake,into,large,cubes,ounce,sweetened,condensed,milk,coconut,flakes
200,Black,Forest,Dump,Cake,    ,ounce,cherry,pie,filling,ounce,pitted,dark,sweet,cherries,ounce,package,chocolate,cake,mix,walnuts,butter,into,pieces
145,BBQ,Chicken,Wings,  ,teriyaki,sauce,oyster,sauce,soy,sauce,ketchup,tablespoons,garlic,powder,gin,dashes,liquid,smoke,flavoring,white,sugar,pounds,chicken,wings,separated,at,joints,tips,discarded,honey
82,Crabby,Cliffs,Mushroom,Puffs,  ,tablespoons,olive,oil,fresh,mushrooms,green,onions,clove,garlic,crushed,ground,cayenne,pepper,ounces,cream,cheese,softened,ounce,crabmeat,drained,flaked,ounce,package,frozen,puff,pastry,sheets,thawed
255,Aunt,Mamies,  ,ounce,package,cream,cheese,softened,butter,softened,all,purpose,flour,white,sugar,milk,pound,ground,walnuts,confectioners,sugar,for,decoration
213,Curried,Winter,Squash,  ,cooked,mashed,winter,squash,tablespoons,curry,powder,tablespoons,butter,trans,fat,free,margarine,tablespoons,maple,syrup,Salt,to,taste,cayenne,pepper,to,taste,tablespoons,sweetened,coconut,flakes,toasted,optional
77,Chicken,Tortellini,Soup,With,Zucchini,Tomatoes,  ,recipe,Fast,Chicken,Soup,Base,ounce,package,refrigerated,small,cheese,tortellini,ounce,diced,tomatoes,medium,zucchini,diced,dried,basil,fresh,parsley,Salt,freshly,ground,black,pepper
8,Chocolate,Hazelnut,Fruit,Crepes,  ,chocolate,hazelnut,spread,crepes,bananas,sliced,ounce,pressurized,whipped,cream
226,Bruschetta,    ,slices,Italian,bread,olive,oil,vine,ripened,tomatoes,fresh,basil
79,Black,Bean,Corn,Quesadillas,  ,olive,oil,tablespoons,finely,onion,ounce,black,beans,drained,rinsed,ounce,whole,kernel,corn,drained,tablespoon,brown,sugar,salsa,red,pepper,flakes,tablespoons,butter,divided,flour,tortillas,shredded,Monterey,Jack,cheese,divided
151,Dutch,Cream,Waffles,  ,all,purpose,flour,salt,egg,yolks,separated,eggs,whites,separated,heavy,whipping,cream
49,Eggnog,Blend,  ,half,half,white,sugar,egg,yolks,beaten,vanilla,extract,heavy,cream,dark,rum,Scotch,whiskey,pint,vanilla,ice,cream
159,Dilled,Garlic,  ,pounds,garlic,peeled,sprig,fresh,dill,cayenne,pepper,to,taste,distilled,white,vinegar,tablespoons,salt
115,Chocolate,Cream,Dessert,  ,cold,margarine,all,purpose,flour,ounce,package,light,cream,cheese,softened,tablespoons,heat,stable,granular,sugar,substitute,ounce,container,reduced,fat,frozen,whipped,topping,thawed,divided,cold,skim,milk,ounce,package,instant,sugar,free,chocolate,pudding,mix
182,BBQ,Chuck,Roast,  ,pound,chuck,roast,barbeque,sauce,teriyaki,sauce,fluid,ounce,bottle,beer,minced,garlic,thinly,sliced,fresh,ginger,root,onion,finely,coarsely,ground,black,pepper,salt
72,Classic,Peanut,Butter,Cookies,  ,unsalted,butter,crunchy,peanut,butter,white,sugar,packed,brown,sugar,eggs,all,purpose,flour,baking,powder,salt,baking,soda
124,Garden,Potato,Salad,  ,large,potatoes,cooked,peeled,cubed,hard,cooked,eggs,sliced,celery,ribs,sliced,green,onions,with,tops,sliced,radishes,sliced,salt,pepper,eggs,beaten,vinegar,sugar,dry,mustard,salt,mayonnaise,salad,dressing
30,chicken,pot,pie,ix,  ,pound,skinless,boneless,chicken,breast,halves,cubed,sliced,carrots,frozen,green,peas,sliced,celery,butter,onion,all,purpose,flour,salt,black,pepper,celery,seed,chicken,broth,milk,unbaked,pie,crusts
181,Grandmas,Wheat,Germ,Cookies,  ,all,purpose,flour,toasted,wheat,germ,quick,cooking,oats,packed,brown,sugar,baking,powder,salt,unsweetened,applesauce,canola,oil,egg,lightly,beaten,miniature,chocolate,chips,walnuts,pecans
57,Apple,Cranberry,Crisp,  ,pounds,Granny,Smith,apples,peeled,cored,thinly,sliced,cranberries,white,sugar,ground,cinnamon,ground,nutmeg,quick,cooking,oats,all,purpose,flour,packed,light,brown,sugar,butter,into,pieces,pecans
123,Chicken,Fiesta,Salad,  ,skinless,boneless,chicken,breast,halves,ounce,packet,dry,fajita,seasoning,divided,tablespoon,vegetable,oil,ounce,black,beans,rinsed,drained,ounce,Mexican,style,corn,salsa,ounce,package,mixed,salad,greens,onion,tomato,into,wedges
74,Eggplant,Mixed,Grill,  ,tablespoons,olive,oil,tablespoons,fresh,parsley,tablespoons,fresh,oregano,tablespoons,fresh,basil,tablespoon,balsamic,vinegar,kosher,salt,black,pepper,cloves,garlic,minced,red,onion,into,wedges,spears,fresh,asparagus,trimmed,crimini,mushrooms,stems,removed,pound,eggplant,sliced,into,rounds,red,bell,pepper,into,wedges,yellow,bell,pepper,into,wedges
153,Bocconcini,Salad,  ,pound,bocconcini,bite,size,mozzarella,balls,cherry,tomatoes,halved,green,bell,pepper,celery,Belgian,endive,leaves,coarsely,arugula,stems,included,tablespoons,fresh,lemon,juice,tablespoons,extra,virgin,olive,oil,salt,pepper,to,taste,tablespoons,fresh,basil,leaves
50,Deep,South,Fried,Chicken,  ,shortening,all,purpose,flour,salt,ground,black,pepper,to,pound,whole,chicken,into,pieces
258,Banana,Bran,Muffins,  ,butter,softened,brown,sugar,bananas,mashed,milk,vanilla,extract,eggs,all,purpose,flour,wheat,bran,baking,powder,baking,soda,salt,walnuts
67,Easy,Bake,Oven,Cookie,Mix,  ,quick,cooking,oats,all,purpose,flour,baking,soda,packed,brown,sugar,shortening,tablespoons,water,tablespoon,raisins,tablespoon,mini,semisweet,chocolate,chips
209,Grand,Marnier,Chicken,  ,skinless,boneless,chicken,breast,halves,milk,dry,bread,crumbs,grated,Parmesan,cheese,tablespoons,fresh,parsley,olive,oil,orange,sliced,into,rounds,dry,white,wine,orange,juice,ounce,chicken,broth,brandy,based,orange,liqueur,Grand,Marnier
243,Gingery,Fish,Kabobs,  ,pineapple,juice,tablespoon,cornstarch,tablespoons,light,soy,sauce,less,sodium,tablespoons,white,vinegar,garlic,cloves,crushed,tablespoons,minced,fresh,ginger,pounds,raw,firm,fish,such,as,salmon,tuna,halibut,in,chunks,fresh,pineapple,in,large,chunks,substitute,canned,pineapple,chunks,large,red,onion,in,wedges
18,Easiest,Salad,Dressing,  ,mayonnaise,milk,salt,pinch,ground,black,pepper
116,Date,Nut,Bars,  ,sugar,all,purpose,flour,baking,powder,salt,dates,walnuts,pecans,eggs,lightly,beaten,tablespoons,butter,melted,vanilla,extract,confectioners,sugar
242,Cinnamon,Chocolate,Cake,  ,all,purpose,flour,sugar,ground,cinnamon,salt,water,vegetable,oil,butter,margarine,baking,cocoa,eggs,buttermilk,vanilla,extract,baking,soda,butter,margarine,whipping,cream,baking,cocoa,ground,cinnamon,confectioners,sugar,vanilla,extract,finely,walnuts
39,Eileens,Spicy,Gingerbread,Men,  ,margarine,sugar,molasses,egg,yolk,sifted,all,purpose,flour,salt,baking,powder,baking,soda,ground,cinnamon,ground,cloves,ginger,ground,nutmeg
197,Citrus, ,nfused,Guacamole,  ,avocados,peeled,pitted,mashed,tablespoon,lime,juice,tablespoon,orange,juice,tablespoon,pineapple,juice,ground,cumin,coarsely,cilantro,salt,to,taste,hot,pepper,sauce,to,taste,optional
96,Cucumber,Sandwiches,  ,ounce,package,cream,cheese,spread,ranch,salad,dressing,mix,slices,pumpernickel,rye,bread,medium,cucumbers
193,Fab,Summer,Blackened,Chicken,Salad,  ,tablespoons,olive,oil,divided,ounce,skinless,boneless,chicken,breast,halves,tablespoons,Cajun,seasoning,cloves,garlic,crushed,tablespoon,balsamic,vinegar,Dijon,mustard,salt,black,pepper,to,taste,mixed,salad,greens,arugula,avocado,peeled,pitted,diced,oil,packed,sun,dried,tomatoes,drained,sliced,sliced,black,olives
58,Fall,Harvest,Baked,Apples,  ,red,apples,cored,butter,maple,syrup,ground,cinnamon,ground,ginger,lemon,juiced,vanilla,extract,coarsely,walnuts,optional
154,Chicken,Spinach,Bake,  ,ounce,packages,frozen,spinach,thawed,eggs,onion,salt,ground,nutmeg,grated,Parmesan,cheese,divided,Italian,seasoned,bread,crumbs,skinless,boneless,chicken,breast,halves,salt,pepper,to,taste,tablespoons,butter,margarine,melted,tablespoons,butter,margarine,divided,all,purpose,flour,salt,milk,shredded,Cheddar,cheese,sliced,fresh,mushrooms
140,Eclairs,    ,butter,water,all,purpose,flour,salt,eggs,ounce,package,instant,vanilla,pudding,mix,cold,milk,heavy,cream,confectioners,sugar,vanilla,extract,ounce,squares,semisweet,chocolate,tablespoons,butter,confectioners,sugar,vanilla,extract,tablespoons,hot,water
114,Chocolate,Covered,Banana,Pie,  ,crushed,vanilla,wafers,pecans,butter,melted,semisweet,chocolate,chips,milk,miniature,marshmallows,ounce,packages,instant,vanilla,pudding,mix,frozen,whipped,topping,thawed,large,bananas,sliced,ounce,bar,milk,chocolate,candy
218,Fudge,Drops,  ,sugar,ounce,evaporated,milk,tablespoons,butter,margarine,salt,miniature,marshmallows,semisweet,chocolate,chips,coarsely,walnuts,raisins
95,Figs,with,Goat,Cheese,Pecans,Bacon,  ,figs,halved,ounces,goat,cheese,toasted,pecans,slices,bacon,in,half
227,Almond,Apricot,Bread,  ,all,purpose,flour,sugar,packed,brown,sugar,baking,powder,salt,ounce,jars,apricot,baby,food,divided,egg,milk,tablespoons,vegetable,oil,almond,extract,sliced,almonds,coarsely,diced,dried,apricots,confectioners,sugar,milk,almond,extract
127,Cabbage,Rolls,    ,leaves,cabbage,cooked,white,rice,egg,beaten,milk,minced,onion,pound,extra,lean,ground,beef,salt,ground,black,pepper,ounce,tomato,sauce,tablespoon,brown,sugar,tablespoon,lemon,juice,Worcestershire,sauce
19,Black,Bean,Lasagna,Rolls,  ,lasagna,noodles,uncooked,shredded,reduced,fat,Monterey,Jack,cheese,ounce,container,part,skim,ricotta,cheese,ounce,green,chiles,drained,chili,powder,salt,drained,canned,no,salt,added,black,beans,Cooking,spray,ounce,jar,no,salt,added,salsa,Fresh,cilantro,sprigs,optional
136,Easy,Marinated,Vegetables,  ,broccoli,florets,cauliflower,florets,green,bell,pepper,into,pieces,cucumber,peeled,seeded,carrot,coarsely,Italian,style,salad,dressing,Bring,a,large,pot,of,salted,water,to,boil,Bring,a,large,pot,of,salted,water,to,boil
91,Garlic,Butter,  ,butter,softened,tablespoon,minced,garlic,grated,Parmesan,cheese,tablespoon,garlic,salt,Italian,seasoning,ground,black,pepper,ground,paprika
196,Absolutely,Awesome,BBQ,Sauce,  ,brown,sugar,chile,sauce,rum,soy,sauce,ketchup,Worcestershire,sauce,cloves,garlic,crushed,ground,dry,mustard,ground,black,pepper,to,taste
189,Fresh,Apple,Walnut,Cake,  ,all,purpose,flour,baking,soda,ground,cinnamon,salt,apples,peeled,cored,sliced,white,sugar,brown,sugar,vegetable,oil,eggs,vanilla,extract,walnuts
27,Baked,Spaghetti,Squash,Lasagna,Style,  ,spaghetti,squash,halved,lengthwise,seeded,onion,tablespoons,minced,garlic,ounce,stewed,tomatoes,tablespoon,dried,basil,cube,vegetable,bouillon,black,pepper,to,taste,ounce,black,olives,shredded,mozzarella,cheese,shredded,Parmesan,cheese
201,Asparagus,Sandwiches,  ,ounce,asparagus,tips,drained,mayonnaise,tablespoons,finely,onion,pinch,seasoning,salt,pound,loaf,soft,sliced,white,bread
119,Doreens,Oriental,Swordfish,Steaks,  ,tablespoons,soy,sauce,vegetable,oil,tablespoons,sherry,grated,fresh,ginger,root,cloves,garlic,peeled,minced,ounce,swordfish,steaks
257,Broiled,Egg,Salad,Sandwiches,  ,hard,cooked,eggs,crushed,saltine,crackers,celery,tablespoon,diced,pimientos,mayonnaise,tablespoons,milk,salt,garlic,salt,pepper,English,muffins,split,toasted
235,Baked,Halibut,Steaks,  ,olive,oil,diced,zucchini,minced,onion,clove,garlic,peeled,minced,diced,fresh,tomatoes,tablespoons,fresh,basil,salt,ground,black,pepper,ounce,halibut,steaks,crumbled,feta,cheese
162,Cindis,Egg,Rolls,  ,pound,ground,pork,shredded,cabbage,large,carrot,shredded,green,bell,pepper,into,thin,strips,medium,onion,cloves,garlic,minced,fresh,ginger,root,grated,tablespoon,cornstarch,tablespoons,soy,sauce,tablespoons,molasses,tablespoons,vegetable,oil,quart,oil,for,frying,ounce,packages,egg,roll,wrappers,sweet,sour,sauce
85,Apple,Butter,V,  ,pounds,tart,apples,cored,sliced,apple,cider,white,sugar,ground,cinnamon,ground,cloves
198,Banana,Chip,Muffins,    ,all,purpose,flour,white,sugar,tablespoon,baking,powder,salt,semisweet,chocolate,chips,egg,vegetable,oil,milk,mashed,bananas
11,Deep,Fried,Turkey,  ,gallons,peanut,oil,for,frying,as,needed,pound,whole,turkey,neck,giblets,removed,Creole,seasoning,white,onion
101,Canadian,Cedar,Planked,Salmon,  ,x,x,untreated,cedar,plank,ounce,fillets,salmon,extra,virgin,olive,oil,large,red,onion,lemon,sliced,tablespoon,black,peppercorns,crushed
174,Date,Loaf,Cake,  ,dates,pitted,dark,brown,sugar,margarine,boiling,water,self,rising,flour,baking,soda,vanilla,extract
157,Biga,  ,active,dry,yeast,warm,water,unbleached,bread,flour,cold,water
23,Caramel,Chocolate,Corn,  ,popped,popcorn,roasted,peanuts,brown,sugar,butter,light,corn,syrup,vanilla,extract,salt,baking,soda,milk,chocolate,chips,shortening
10,Basic,Syrup,for,Sunset,Cooler,  ,white,sugar,water,pandan,leaves
45,Almond,Buttercrunch,  ,butter,white,sugar,almonds,milk,chocolate,chips,finely,almonds
48,Black,Bean,Chili,  ,tablespoon,olive,oil,onion,red,bell,pepper,seeded,jalapeno,pepper,seeded,minced,fresh,mushrooms,quartered,roma,plum,tomatoes,diced,fresh,corn,kernels,ground,black,pepper,ground,cumin,tablespoon,chili,powder,ounce,black,beans,drained,rinsed,chicken,broth,salt
32,Eggnog,    ,eggs,beaten,milk,white,sugar,vanilla,extract,heavy,whipping,cream,white,sugar,pinch,ground,nutmeg
28,Cinnamon,Crackle,Cookies,  ,butter,softened,shortening,sugar,packed,brown,sugar,egg,vanilla,extract,almond,extract,all,purpose,flour,tablespoon,ground,cinnamon,baking,soda,cream,of,tartar,ground,nutmeg,grated,orange,peel,grated,lemon,peel,salt,Additional,sugar
204,Flax,Sunflower,Seed,Bread,  ,water,tablespoons,butter,softened,tablespoons,honey,bread,flour,whole,wheat,bread,flour,salt,active,dry,yeast,flax,seeds,sunflower,seeds
99,Fresh,Cranberry,Spiced,Tea,  ,pound,fresh,frozen,cranberries,quarts,cold,water,orange,juice,pineapple,juice,lemon,juice,white,sugar,to,taste,cinnamon,stick,whole,cloves,whole,allspice,berries
212,Butterscotch,Basketball,Cookies,  ,butterscotch,chips,butter,no,substitutes,softened,sugar,packed,brown,sugar,egg,tablespoons,milk,vanilla,extract,all,purpose,flour,shortening,water,tablespoons,all,purpose,flour,vanilla,extract,confectioners,sugar,Paste,food,coloring
217,Cookie,Jar,Gingersnaps,  ,shortening,sugar,egg,molasses,all,purpose,flour,baking,soda,ground,ginger,ground,cinnamon,salt,Additional,sugar
104,Bacon,Wrapped,Smokies,  ,pound,sliced,bacon,into,thirds,ounce,package,beef,cocktail,wieners,brown,sugar,to,taste
46,Cranberry,Apple,Pie,    ,apples,ounce,whole,cranberry,sauce,packed,brown,sugar,all,purpose,flour,ground,cinnamon,ground,nutmeg,recipe,pastry,for,a,double,crust,pie
251,Buffalo,Chicken,Wings,    ,chicken,wings,quarts,vegetable,oil,for,deep,frying,tablespoons,butter,tablespoon,distilled,white,vinegar,tablespoons,hot,pepper,sauce,salt,pepper,to,taste
180,Easy,Punch,  ,ounce,packages,unsweetened,strawberry,flavored,drink,mix,powder,fluid,ounce,pineapple,juice,white,sugar,quarts,water,liters,ginger,ale
203,Broiled,Chicken,with,Roasted,Garlic,Sauce,  ,medium,head,garlic,tablespoon,olive,oil,skinless,boneless,chicken,breasts,white,wine,tablespoons,butter,milk,tablespoon,all,purpose,flour,grated,Parmesan,cheese,tablespoon,fresh,parsley
61,Easy,Fried,Eggplant,  ,tablespoons,canola,oil,large,eggplant,peeled,sliced,eggs,beaten,dry,bread,crumbs
16,E,Z,Cheezy,Pie,  ,pie,shells,baked,ounce,packages,cream,cheese,softened,white,sugar,vanilla,extract,eggs,sour,cream,tablespoons,white,sugar,sliced,fresh,strawberries
150,German,Chocolate,Brownie,Cookies,  ,packed,brown,sugar,shortening,tablespoon,water,vanilla,extract,eggs,all,purpose,flour,unsweetened,cocoa,powder,salt,baking,soda,semisweet,chocolate,chips,evaporated,milk,white,sugar,shortening,egg,yolks,beaten,vanilla,extract,pecans,flaked,coconut
249,A,Chicken,Soup,  ,tablespoons,vegetable,oil,skinless,chicken,leg,quarters,onion,quarts,water,cubes,chicken,bouillon,crumbled,stalk,celery,carrots,clove,roasted,garlic,minced,salt,pepper,to,taste,ounce,package,thin,egg,noodles
233,Chocolate,Cheesecake,    ,chocolate,cookie,crumbs,tablespoons,white,sugar,butter,melted,semisweet,chocolate,chips,heavy,whipping,cream,ounce,packages,cream,cheese,softened,white,sugar,unsweetened,cocoa,powder,eggs,vanilla,extract,semisweet,chocolate,chips,heavy,whipping,cream,vanilla,extract
175,Cornbread,Dressing,    ,ounce,package,refrigerated,biscuit,dough,ounce,package,corn,bread,mix,diced,onion,diced,celery,butter,softened,salt,ground,black,pepper,ounce,chicken,broth,pound,pork,sausage,hard,cooked,eggs,dried,sage,optional
52,Cinnamon,Sugar,Cookies,  ,butter,softened,sugar,confectioners,sugar,vegetable,oil,eggs,vanilla,extract,all,purpose,flour,salt,baking,soda,ground,cinnamon,cream,of,tartar,finely,pecans,Colored,sugar,optional
246,Baked,Salmon,with,Herbs,  ,soft,bread,crumbs,garlic,cloves,minced,tablespoons,grated,Parmesan,cheese,dried,parsley,flakes,dried,thyme,dried,rosemary,crushed,salt,pepper,tablespoons,butter,melted,pound,salmon,fillet
183,Armadillo,Eggs,  ,jalapeno,peppers,pound,sausage,all,purpose,baking,mix,ounce,package,Cheddar,cheese,shredded,tablespoon,crushed,red,pepper,flakes,tablespoon,garlic,salt,ounce,package,Monterey,Jack,cheese,cubed
252,Corned,Beef,Hash,  ,large,potatoes,peeled,diced,ounce,corned,beef,into,chunks,medium,onion,beef,broth
156,Chicken,Tacos,  ,pound,skinless,boneless,chicken,breast,halves,into,bite,size,pieces,lemonade,tablespoons,olive,oil,tablespoon,lime,juice,Worcestershire,sauce,garlic,powder,onion,powder,bay,leaf,ounce,package,corn,tortillas,head,lettuce,shredded,large,tomatoes,ounce,package,shredded,sharp,Cheddar,cheese,ounce,jar,salsa,ounce,container,sour,cream
138,Fruited, ,ce,Cream,  ,ounce,sweetened,condensed,milk,milk,heavy,cream,tablespoons,vanilla,extract,salt,strawberries
219,Carrot,Pineapple,Cake,    ,all,purpose,flour,baking,soda,baking,powder,salt,ground,cinnamon,white,sugar,vegetable,oil,eggs,vanilla,extract,shredded,carrots,flaked,coconut,walnuts,ounce,crushed,pineapple,drained,ounce,package,cream,cheese,butter,softened,confectioners,sugar
29,Country,Fried,Chicken,  ,all,purpose,flour,garlic,salt,pepper,paprika,poultry,seasoning,egg,beaten,milk,chicken,thighs,chicken,drumsticks,canola,oil
24,Awesome,Turkey,Sandwich,  ,slices,whole,wheat,bread,toasted,optional,tablespoon,mayonnaise,Dijon,style,prepared,mustard,slices,smoked,turkey,breast,tablespoons,guacamole,mixed,salad,greens,bean,sprouts,avocado,peeled,pitted,sliced,ounces,Colby,Monterey,Jack,cheese,sliced,slices,tomato
161,Brownie,Mix,in,a,Jar,    ,flaked,coconut,white,sugar,packed,brown,sugar,all,purpose,flour,baking,powder,salt,butter,margarine,softened,at,room,temperature,eggs,vanilla
98,Corn,Bread,Sloppy,Joes,  ,ounce,package,corn,bread,muffin,mix,egg,milk,pounds,ground,beef,onion,ounce,jar,meatless,spaghetti,sauce,frozen,corn,ounce,green,chilies,drained,ounce,envelopes,sloppy,joe,mix,shredded,Cheddar,cheese
54,Buttermilk,Shake,  ,pint,vanilla,ice,cream,buttermilk,grated,lemon,peel,vanilla,extract,drop,lemon,extract
234,Chicken,Tortilla,Soup, ,V,  ,vegetable,oil,corn,tortillas,into,strips,chicken,broth,ground,cumin,chili,powder,dried,oregano,ounce,black,beans,rinsed,drained,ounce,whole,kernel,corn,drained,skinless,boneless,chicken,breast,halves,into,bite,size,pieces,salsa,fresh,cilantro
80,Crab,Quiche,  ,deep,dish,frozen,pie,crust,eggs,heavy,cream,salt,black,pepper,dashes,hot,pepper,sauce,e,g,Tabasco,to,taste,shredded,Monterey,Jack,cheese,grated,Parmesan,cheese,ounce,package,imitation,crabmeat,flaked,green,onion
236,Cranberry,Brandy,Slush,  ,cherry,brandy,liqueur,ounce,frozen,orange,juice,concentrate,ounce,frozen,lemonade,concentrate,quarts,cranberry,juice,liter,bottle,lemon,lime,flavored,carbonated,beverage,chilled
128,Carrots,Onions,Au,Gratin,  ,ounce,package,baby,carrots,sliced,medium,onions,sliced,shredded,Cheddar,cheese,tablespoons,butter,tablespoons,all,purpose,flour,milk,salt,ground,black,pepper,tablespoon,butter,fine,dry,bread,crumbs
168,Banana,Kiwi,Strawberry,Tart,  ,all,purpose,flour,tablespoon,light,brown,sugar,ground,cinnamon,salt,tablespoons,unsalted,butter,tablespoons,ice,water,skim,milk,egg,whites,tablespoons,white,sugar,vanilla,extract,bananas,peeled,sliced,kiwi,peeled,sliced,sliced,fresh,strawberries
230,Fire,Side,Coffee,  ,powdered,non,dairy,creamer,instant,hot,chocolate,mix,instant,coffee,granules,ground,cinnamon,ground,nutmeg
84,Dads,Best,Burgers,  ,ounce,package,cream,cheese,softened,egg,medium,onion,finely,dry,bread,crumbs,dried,parsley,flakes,seasoned,salt,pepper,pound,ground,beef,pound,bulk,pork,sausage,hamburger,buns,split
248,Bacon,Wrapped,Hamburgers,  ,shredded,Cheddar,cheese,tablespoon,grated,Parmesan,cheese,small,onion,egg,tablespoon,ketchup,tablespoon,Worcestershire,sauce,salt,pepper,pound,ground,beef,slices,bacon,hamburger,buns,split
139,Golden,Cheese,Yeast,Bread,  ,all,purpose,flour,shredded,Cheddar,cheese,tablespoons,sugar,ounce,packages,active,dry,yeast,salt,warm,milk,egg
6,Cinnamon,Bread,    ,all,purpose,flour,white,sugar,baking,powder,baking,soda,ground,cinnamon,salt,buttermilk,vegetable,oil,eggs,vanilla,extract,tablespoons,white,sugar,ground,cinnamon,margarine
86,Garlic,Crab,Artichoke,Dip,  ,mayonnaise,ounces,sour,cream,ounce,package,garlic,mushroom,soup,mix,ounce,artichoke,hearts,drained,shredded,Swiss,cheese,ounce,crab,meat,drained
178,Bacon,Mushroom,Swiss,Meatloaf,  ,ounces,raw,bacon,small,white,onion,button,mushrooms,pounds,extra,lean,ground,beef,egg,evaporated,milk,ounces,shredded,Swiss,cheese,divided,corn,flake,crumbs
169,Broccoflower,Risotto,with,Wild,Mushrooms,  ,tablespoon,butter,unsalted,Broccoflower,diced,assorted,wild,mushrooms,white,onion,tablespoons,garlic,minced,Arborio,rice,chicken,stock,unsalted,pinch,fresh,ground,nutmeg,fresh,herbs,tarragon,parsley,chives,diced,Parmesan,cheese,Salt,pepper,to,taste
55,Grandmas,Gingersnaps,  ,margarine,white,sugar,egg,molasses,all,purpose,flour,tablespoon,ground,ginger,ground,cinnamon,baking,soda,salt,white,sugar,for,decoration
158,Empanadas,  ,butter,softened,ounce,package,cream,cheese,sifted,all,purpose,flour,fruit,preserves,white,sugar,ground,cinnamon
1,Broccoli,Cheese,Crepes,  ,eggs,water,tablespoons,all,purpose,flour,salt,tablespoons,onion,tablespoon,butter,tablespoon,all,purpose,flour,milk,shredded,Cheddar,cheese,divided,Dijon,mustard,Worcestershire,sauce,pepper,salt,frozen,broccoli,thawed
65,Beet,Pear,Puree,  ,medium,beets,pound,unsalted,butter,minced,Vidalia,onions,Bosc,pears,peeled,cored,minced,tablespoons,white,sugar,cranberry,vinegar,salt
149,Barbecued,Shredded,Beef,  ,pounds,beef,roast,onions,fluid,ounce,bottles,beer,Worcestershire,sauce,liquid,smoke,flavoring,garlic,powder,ground,black,pepper,salt,to,taste,ounce,bottle,barbecue,sauce,water
0,English,Walnut,Pie,  ,eggs,salt,white,sugar,vanilla,extract,light,corn,syrup,walnuts,butter,deep,dish,pie,crust
12,Fried,Beef,Ribs,  ,quarts,peanut,oil,for,frying,tablespoons,salt,tablespoons,coarse,ground,black,pepper,tablespoons,cayenne,pepper,tablespoons,garlic,salt,tablespoons,onion,salt,all,purpose,flour,eggs,beaten,pounds,beef,ribs,into,single,rib,pieces
40,Crustless,Spinach,Quiche,  ,tablespoon,vegetable,oil,onion,ounce,package,frozen,spinach,thawed,drained,eggs,beaten,shredded,Muenster,cheese,salt,ground,black,pepper
111,Caramel,Shortbread,Squares,  ,butter,softened,white,sugar,all,purpose,flour,butter,packed,light,brown,sugar,tablespoons,light,corn,syrup,sweetened,condensed,milk,milk,chocolate,chips
195,Chocolate,Chip,Cookie, ,ce,Cream,Cake,  ,ounce,package,small,chocolate,chip,cookies,margarine,melted,hot,fudge,topping,quarts,vanilla,ice,cream,whipped,cream,cherries
122,Diegos,Special,Beef,Stew,  ,pound,cubed,beef,stew,meat,tablespoon,all,purpose,flour,tablespoons,olive,oil,butter,medium,yellow,onion,thinly,sliced,red,wine,beef,bouillon,cube,hot,water,large,potato,cubed,baby,carrots,rosemary,dried,thyme,tablespoon,garlic,powder,ground,black,pepper,water,dashes,Worcestershire,sauce
199,French,Spring,Soup,  ,butter,pound,leeks,onion,quarts,water,large,potatoes,large,carrots,bunch,fresh,asparagus,trimmed,into,pieces,uncooked,long,grain,white,rice,salt,pound,fresh,spinach,heavy,cream
66,Crab,Cake,Sauce,  ,sour,cream,mayonnaise,cottage,cheese,hot,salsa,cayenne,pepper,tablespoon,lemon,juice,plain,yogurt
186,Candy,Bar,Squares,  ,butter,softened,white,sugar,packed,brown,sugar,eggs,all,purpose,flour,baking,soda,salt,ounce,bars,chocolate,coated,peanut,nougat,candy,eg,Baby
187,Fried,Apple,Pies,  ,all,purpose,flour,shortening,salt,cold,water,apples,white,sugar,ground,cinnamon,vegetable,oil
88,Chocolate,Madeleines,  ,sifted,all,purpose,flour,unsweetened,cocoa,powder,baking,powder,pinch,salt,ounces,butter,vanilla,extract,white,sugar,egg,egg,yolks,confectioners,sugar,for,decoration
93,Brandy,Flamed,Peppercorn,Steak,  ,tablespoons,crushed,black,peppercorns,ounce,beef,top,sirloin,steaks,tablespoon,lemon,pepper,salt,tablespoons,butter,cloves,garlic,minced,red,wine,tablespoons,brandy,green,onions,shallot,heavy,cream,white,sugar,optional
225,Chipotle,Mayo,Relish,  ,light,mayonnaise,tablespoons,canned,Chipotle,peppers,in,adobo,sauce,seeded,minced,green,onion,sweet,pickle,relish
4,Dads,BBQ,Roast,  ,yellow,mustard,ounce,envelopes,dry,onion,soup,mix,pound,beef,rump,roast
9,Dziriat,Algerian,Almond,Tarts,  ,white,sugar,water,fresh,lemon,juice,tablespoons,orange,flower,water,all,purpose,flour,tablespoons,vegetable,oil,egg,fresh,lemon,juice,pinch,salt,tablespoon,orange,flower,water,raw,almonds,sugar,eggs,baking,powder,vanilla,powder,lemon,zested,tablespoons,orange,flower,water,cornstarch,for,rolling,out,the,dough,pine,nuts,for,decoration,Bring,of,water,to,a,boil
26,British,Bread,Pudding,  ,cubed,whole,wheat,bread,milk,egg,beaten,butter,softened,raisins,dried,mixed,fruit,brown,sugar,tablespoon,ground,nutmeg,tablespoon,ground,cinnamon
69,Chili,For,Two,  ,pound,ground,beef,onion,garlic,clove,minced,ounce,chili,beans,undrained,ounce,diced,tomatoes,undrained,chili,powder,ground,cumin
92,Cinnamon,Rolls,    ,warm,water,degrees,F,egg,bread,flour,white,sugar,tablespoons,instant,powdered,milk,salt,tablespoons,butter,softened,instant,yeast,butter,vanilla,ice,cream,brown,sugar,butter,softened,for,spreading,tablespoon,ground,cinnamon,brown,sugar
254,Coconut,Ambrosia,Salad,  ,ounce,mandarin,oranges,drained,ounce,crushed,pineapple,drained,frozen,whipped,topping,thawed,shredded,coconut,miniature,marshmallows,milk,maraschino,cherries
190,Chicken,Stuffed,Buns,  ,large,sourdough,buns,boneless,chicken,breast,halves,cooked,diced,ounce,package,cream,cheese,softened,shredded,Pepper,Jack,cheese,grated,Parmesan,cheese,cloves,garlic,pressed,ounce,package,frozen,spinach,thawed,drained
191,Dads,Flat,Bread,  ,ounce,package,active,dry,yeast,warm,water,degrees,to,degrees,divided,sugar,tablespoons,vegetable,oil,tablespoon,salt,rye,whole,wheat,flour,all,purpose,flour
76,Eggplant,Pepper,Parmesan,Sandwiches,  ,eggplant,seeded,lengthwise,into,slices,red,bell,pepper,sliced,into,thin,strips,salt,pepper,to,taste,French,baguette,ounces,soft,goat,cheese,tapenade,olive,spread,grated,Parmesan,cheese
75,Fresh,Apple,Cake,  ,vegetable,oil,white,sugar,eggs,beaten,vanilla,extract,all,purpose,flour,baking,soda,salt,ground,cinnamon,ground,nutmeg,apples,peeled,cored,diced,walnuts,raisins,optional,ounce,container,cream,cheese,frosting,finely,walnuts
22,Artichoke,Sun,dried,Tomato,Chicken,  ,skinless,boneless,chicken,breast,halves,salt,pepper,to,taste,olive,oil,ounce,diced,tomatoes,with,green,peppers,onions,sun,dried,tomato,pesto,ounce,artichoke,hearts,in,water,drained,quartered
125,Caribbean,Canadian,Glazed,Chicken,  ,ketchup,tablespoons,unsweetened,pineapple,juice,tablespoons,molasses,tablespoons,dark,rum,tablespoons,prepared,Dijon,style,mustard,cloves,garlic,salt,pepper,to,taste,chicken,thighs
56,Asian,Turkey,Burgers,  ,egg,white,tablespoon,soy,sauce,dry,bread,crumbs,tablespoon,finely,onion,garlic,clove,minced,ground,ginger,pepper,ounces,ground,turkey
42,Asian,Ginger,Dressing,  ,cloves,garlic,minced,tablespoons,minced,fresh,ginger,root,olive,oil,rice,vinegar,soy,sauce,tablespoons,honey,water
164,Famous,Caramel,Cookie,Bars,  ,rectangular,shortbread,cookies,individually,wrapped,caramels,unwrapped,water,milk,chocolate,chips
147,Carrot,Coriander,Soup,    ,large,carrots,into,pieces,large,onion,quart,vegetable,broth,fresh,cilantro
202,Avocado,Tzatziki,  ,large,avocado,peeled,pitted,cloves,garlic,minced,lemons,juiced,sour,cream,optional,seeded,cucumber,red,pepper,flakes,to,taste,tablespoon,fresh,cilantro,tablespoon,fresh,mint,salt,pepper,to,taste
37,Baked,Aloha,Chicken,  ,lemon,juice,light,corn,syrup,tablespoons,soy,sauce,salt,ground,ginger,corn,oil,ounce,crushed,pineapple,not,drained,chicken,leg,quarters
126,Apple,Pie,  ,gallon,apple,juice,gallon,apple,cider,white,sugar,cinnamon,sticks,milliliter,bottle,proof,grain,alcohol
146,Fig,Bars,    ,white,sugar,eggs,all,purpose,flour,baking,powder,salt,ground,cloves,ground,cinnamon,ground,allspice,vanilla,extract,dried,figs,walnuts,confectioners,sugar,for,rolling
53,Banana,Orange,Bars,  ,mashed,ripe,bananas,sugar,vegetable,oil,eggs,all,purpose,flour,ground,cinnamon,baking,powder,baking,soda,salt,butter,margarine,softened,confectioners,sugar,orange,juice,grated,orange,peel
148,Baked,Fettuccine,Lasagna,  ,ounces,dry,fettuccine,pasta,pound,lean,ground,beef,optional,onion,red,bell,pepper,tablespoon,butter,ounce,diced,tomatoes,ounce,sliced,mushrooms,tablespoons,black,olives,dried,oregano,shredded,Cheddar,cheese,shredded,mozzarella,cheese,ounce,condensed,cream,of,mushroom,soup,beef,broth,grated,Parmesan,cheese
90,Chicken,Marsala,with,Portobello,Mushrooms,  ,butter,divided,tablespoons,vegetable,oil,divided,portobello,mushroom,caps,sliced,clove,garlic,all,purpose,flour,divided,ounce,beef,broth,dry,Marsala,wine,kosher,salt,ground,black,pepper,to,taste,tablespoon,browning,sauce,skinless,boneless,chicken,breast,halves,pounded,to,thickness
41,Gelatin,Fruit,Salad,  ,applesauce,ounce,packages,cherry,gelatin,ounce,lemon,lime,soda,ounce,crushed,pineapple,undrained
194,Cabbage,Kielbasa,Supper,  ,shredded,cabbage,medium,potatoes,into,cubes,medium,onion,salt,pepper,ounce,chicken,broth,pounds,fully,cooked,kielbasa,Polish,sausage,into,serving,size,pieces
210,Chicken,with,Vegetables,  ,sliced,fresh,mushrooms,chicken,drumsticks,skin,removed,chicken,thighs,skin,removed,celery,ribs,sliced,sliced,zucchini,sliced,carrots,medium,onion,sliced,tomato,juice,chicken,broth,garlic,clove,minced,paprika,pepper,to,taste,tablespoons,cornstarch,tablespoons,cold,water,Hot,cooked,rice
170,Dipping,Sauce,  ,mayonnaise,ketchup,tablespoons,prepared,horseradish,paprika,salt,dried,oregano,dash,ground,black,pepper,cayenne,pepper,to,taste
155,Cawl,Traditional,Welsh,Broth,  ,quarts,water,ounces,beef,shank,large,onions,large,carrots,sliced,rutabaga,diced,salt,pepper,to,taste,potatoes,peeled,quartered,leeks,sliced,small,head,cabbage,sliced,tablespoons,fresh,parsley
117,Applesauce,Bread,    ,all,purpose,flour,eggs,white,sugar,vegetable,oil,applesauce,raisins,optional,ground,cinnamon,baking,soda,baking,powder,sour,cream
206,Enchilada,Style,Burritos,  ,frozen,prepared,bean,cheese,burritos,tablespoons,butter,margarine,tablespoons,all,purpose,flour,water,ounce,tomato,sauce,chili,powder,beef,bouillon,granules,ground,cumin,salt,shredded,Mexican,blend,cheese,Cheddar,cheese,ounce,sliced,ripe,olives,drained,green,onions
129,Best,Ever,Tuna,Salad,  ,eggs,ounce,white,tuna,ounce,crabmeat,shredded,mayonnaise,sour,cream,yellow,mustard,dried,dill,weed,lemon,pepper,tablespoons,dill,pickle,relish,tablespoons,sweet,pickle,relish,finely,onion
113,Cheesy,Cheddar,Potato,Boats,  ,medium,baked,potatoes,quartered,lengthwise,Hidden,Valley,Original,Ranch,Salad,Dressing,shredded,Cheddar,cheese,Sliced,green,onions,optional,Bacon,pieces,optional
173,Cookie,Paints,  ,tablespoons,evaporated,milk,drops,red,food,coloring
205,Argentine,Chimichurri,Bread,  ,water,tablespoons,white,wine,vinegar,tablespoons,olive,oil,cayenne,pepper,dried,oregano,cloves,garlic,minced,tablespoons,onion,tablespoons,fresh,parsley,salt,tablespoon,white,sugar,tablespoons,wheat,bran,bread,flour,active,dry,yeast
137,Chicken,Eileen,  ,ounce,package,herb,seasoned,dry,bread,stuffing,mix,skinless,boneless,chicken,breast,halves,medium,slices,mozzarella,cheese
152,Glazed,Ham,  ,pound,bone,in,shank,ham,water,as,needed,honey,brown,sugar,tablespoons,liquid,smoke,flavoring,tablespoons,Worcestershire,sauce,pinch,ground,cloves
121,Crawfish,Etouffee,    ,onion,ounce,condensed,tomato,soup,ounce,condensed,cream,of,mushroom,soup,ounce,diced,tomatoes,with,green,chile,peppers,pounds,crawfish,peeled
20,Alaskan,Halibut,Lasagna,  ,tablespoons,butter,margarine,divided,pounds,halibut,steaks,bones,removed,into,cubes,garlic,cloves,minced,dried,thyme,all,purpose,flour,salt,chicken,broth,heavy,whipping,cream,ounces,lasagna,noodles,cooked,drained,shredded,Swiss,cheese,Minced,fresh,parsley
108,Baked,Fake,Steak,with,Gravy,  ,pounds,ground,beef,saltine,crackers,finely,crushed,milk,garlic,powder,onion,powder,ground,black,pepper,pinch,salt,to,taste,all,purpose,flour,tablespoon,vegetable,oil,water,ounce,condensed,beef,mushroom,soup,ounce,packet,dry,brown,gravy,mix
5,Broiled,Slow,Roasted,Butterflied,Leg,of,Lamb,With,Cumin,Garlic,  ,olive,oil,cloves,garlic,minced,salt,pepper,tablespoons,ground,cumin,tablespoon,dried,oregano,pound,leg,of,lamb,boned,butterflied,to,a,more,less,even,thickness,to,pounds,trimmed,weight,fell,most,fat,removed,lemon,juiced,Minced,fresh,parsley,cilantro,mint,optional
135,Butterscotch,Brownies,in,a,Jar,  ,all,purpose,flour,tablespoons,baking,powder,salt,flaked,coconut,pecans,packed,brown,sugar,softened,butter,beaten,eggs,of,vanilla,extract
231,Easy,Alfredo,Sauce,    ,pint,heavy,whipping,cream,butter,grated,Parmesan,cheese
89,Drunken,Fruit,Salsa,  ,medium,mango,peeled,finely,diced,fresh,strawberries,kiwi,peeled,finely,diced,jalapeno,pepper,seeded,finely,tablespoons,fresh,mint,rum
64,Early,Morning,Oven,Roasted,New,Potatoes,  ,pounds,new,potatoes,into,wedges,tablespoons,butter,fresh,rosemary,salt,pepper,to,taste
241,Chocolate,Covered,Pretzels,  ,ounce,packages,pretzels,tablespoon,heavy,whipping,cream,semisweet,chocolate,chips
188,Baked,Fish,Rice,  ,boiling,chicken,broth,uncooked,long,grain,rice,Italian,seasoning,garlic,powder,ounce,package,frozen,broccoli,thawed,drained,tablespoon,grated,Parmesan,cheese,ounce,French,fried,onions,divided,pound,fresh,frozen,fish,fillets,thawed,dash,paprika,shredded,Cheddar,cheese
192,Baked,French,Toast,  ,pound,loaf,French,bread,diagonally,in,slices,eggs,milk,half,half,cream,vanilla,extract,ground,cinnamon,butter,brown,sugar,tablespoons,light,corn,syrup
97,Chicken,Pot,Pie,    ,pounds,skinless,boneless,chicken,breast,meat,chicken,broth,salt,ground,black,pepper,milk,tablespoons,butter,onion,celery,all,purpose,flour,frozen,mixed,vegetables,thawed,tablespoon,fresh,parsley,dried,thyme,pastry,for,a,single,crust,pie,egg,lightly,beaten
207,Fresh,Apple,Salsa,  ,tart,apples,cored,cubed,tablespoons,lime,juice,fresh,jalapeno,pepper,seeded,sliced,fresh,Anaheim,chile,seeded,sliced,medium,onion,finely,tablespoons,coarsely,fresh,cilantro,walnuts,lightly,toasted,tablespoons,fresh,ginger,peeled,thinly,sliced,salt
68,Garlic,Chicken,Stir,Fry,  ,tablespoons,peanut,oil,cloves,garlic,minced,grated,fresh,ginger,bunch,green,onions,salt,pound,boneless,skinless,chicken,breasts,into,strips,onions,thinly,sliced,sliced,cabbage,red,bell,pepper,thinly,sliced,sugar,snap,peas,chicken,broth,tablespoons,soy,sauce,tablespoons,white,sugar,tablespoons,cornstarch
256,Fried,Chicken,Tenders,  ,all,purpose,flour,Italian,style,seasoned,bread,crumbs,ground,black,pepper,cayenne,pepper,eggs,beaten,tablespoons,water,chicken,tenderloins,quarts,oil,for,frying,mayonnaise,tablespoons,prepared,horseradish,sour,cream,dash,Worcestershire,sauce,tablespoons,prepared,mustard
130,Adriennes,Tom,Ka,Gai,  ,peanut,oil,cloves,garlic,thinly,sliced,tablespoons,grated,fresh,ginger,root,lemon,grass,crushed,red,pepper,ground,coriander,ground,cumin,skinless,boneless,chicken,breast,halves,into,thin,strips,onion,thinly,sliced,bok,choy,shredded,water,ounce,coconut,milk,fish,sauce,fresh,cilantro
15,California,Chicken,  ,skinless,boneless,chicken,breasts,olive,oil,onion,powder,pinch,salt,pinch,ground,black,pepper,avocados,peeled,pitted,sliced,ripe,tomatoes,sliced,ounce,package,Monterey,Jack,cheese,into,slices
63,Best,Macaroni,Salad,  ,ounce,package,macaroni,mayonnaise,cucumber,peeled,seeded,tablespoon,dried,minced,onion,diced,ham,shredded,Cheddar,cheese,tablespoons,olive,oil,tablespoons,white,wine,vinegar,salt,pepper,to,taste
224,Garden,Party,Salad,  ,vegetable,oil,orange,marmalade,tablespoons,cider,vinegar,tablespoons,mayonnaise,curry,powder,hot,pepper,sauce,cubed,cooked,chicken,tablespoons,golden,raisins,tablespoons,slivered,almonds,toasted,tablespoons,minced,fresh,parsley
259,Chicken,Black,Bean,Chili,  ,tablespoons,cooking,oil,large,skinless,boneless,chicken,breast,halves,into,pieces,sea,salt,to,taste,tablespoon,chili,powder,to,taste,tablespoon,ground,cumin,to,taste,dried,chipotle,chili,pepper,ground,into,powder,ground,black,pepper,to,taste,ground,cayenne,pepper,small,yellow,onion,diced,medium,green,bell,pepper,diced,medium,yellow,bell,pepper,diced,water,ounce,kidney,beans,undrained,ounce,black,beans,undrained,ounce,whole,kernel,corn,drained,green,pepper,sauce,e,g,Tabasco,ounce,roasted,garlic,tomato,paste,bunch,fresh,cilantro
73,Chicken,Vegetable,Stew,  ,skinless,boneless,chicken,breast,halves,into,bite,size,pieces,onion,pound,baby,carrots,potatoes,salt,ground,turmeric,tablespoons,tomato,paste,water,garlic,powder,optional,ground,black,pepper,optional
71,Easy,Pot,Roast,  ,pounds,boneless,chuck,roast,water,ounce,package,dry,onion,mushroom,soup,mix,tablespoon,Worcestershire,sauce,potatoes,peeled,stalks,celery,carrots
132,Dads,Kickin,Jamaican,Wings,Mon,  ,tablespoons,Jamaican,jerk,seasoning,blend,tablespoons,vegetable,oil,cloves,garlic,diced,piece,peeled,fresh,ginger,diced,bunch,green,onions,slices,pickled,jalapeno,peppers,pounds,chicken,wings
228,Best,Chocolate,Chippers,  ,butter,vegetable,oil,white,sugar,packed,brown,sugar,eggs,vanilla,extract,all,purpose,flour,baking,soda,cream,of,tartar,salt,semisweet,chocolate,chips,walnuts,optional
229,Cheesy,Sweet,Savory,Spuds,  ,Yukon,Gold,potatoes,peeled,cubed,sweet,potatoes,peeled,cubed,tablespoons,butter,heavy,cream,tablespoon,chicken,bouillon,granules,tablespoons,brown,sugar,black,pepper,shredded,Monterey,Jack,cheese
78,Chicken,Fried,Chops,  ,all,purpose,flour,salt,ground,mustard,garlic,powder,pork,loin,chops,thick,trimmed,tablespoons,vegetable,oil,ounce,condensed,cream,of,chicken,soup,undiluted,water
214,Chicken,Salad,With,Thai,Flavored,Dressing,  ,rotisserie,chicken,skinned,boned,meat,shredded,into,bite,sized,pieces,medium,celery,ribs,into,small,dice,medium,green,onions,sliced,thin,honey,roasted,peanuts,tablespoons,lime,juice,tablespoons,Asian,fish,sauce,ground,ginger,white,sugar,hot,red,pepper,flakes,tablespoons,minced,fresh,cilantro,leaves,tablespoons,fresh,mint,leaves,Boston,lettuce,sliced,cucumbers,grated,carrots,honey,roasted,peanuts
33,Cold,Cocoa,Smoothie,  ,scoops,vanilla,ice,cream,milk,whipped,cream,tablespoons,instant,hot,chocolate,mix,chocolate,sandwich,cookies,crushed
131,Broccoli,Coleslaw,  ,olive,oil,distilled,white,vinegar,white,sugar,ounce,package,chicken,flavored,ramen,noodles,crushed,seasoning,packet,reserved,large,head,fresh,broccoli,diced,carrots,grated,bunches,green,onions,sunflower,seeds
134,Apple,Blueberry,Tarts,  ,medium,cooking,apples,peeled,cored,fresh,frozen,blueberries,tablespoon,heat,stable,granular,sugar,substitute,apple,pie,spice,ground,allspice,whole,wheat,pastry,flour,kosher,salt,extra,virgin,olive,oil,tablespoons,low,fat,milk
184,Crunchy,Cheese,Sandwiches,  ,small,onion,finely,medium,tomato,diced,stalk,celery,green,bell,pepper,finely,shredded,Cheddar,cheese,chili,powder,salt,slices,white,bread
221,Basic,Chicken,Stock,  ,pound,chicken,parts,large,onion,stalks,celery,including,some,leaves,large,carrot,salt,whole,cloves,water,cold,water,optional,egg
247,Gerrys,Chicken,Enchiladas,  ,boneless,skinless,chicken,breast,halves,tablespoon,vegetable,oil,onion,ounce,diced,tomatoes,with,green,chile,peppers,ounce,stewed,tomatoes,small,chile,peppers,diced,optional,ounce,condensed,cream,of,chicken,soup,ounce,chicken,broth,bunch,green,onions,pint,heavy,cream,corn,tortillas,shredded,Cheddar,cheese,ounce,enchilada,sauce
244,Artichoke,Hummus,  ,ounce,chickpeas,garbanzo,beans,drained,clove,garlic,drained,marinated,artichoke,hearts,tablespoons,lemon,juice,tablespoons,water,tablespoon,fresh,parsley,Quaker,Quakes,Ranch,Sour,Cream,Onion,Flavor,Rice,Snacks
216,Adobo,Chicken,with,Ginger,  ,pound,whole,chicken,into,pieces,soy,sauce,distilled,white,vinegar,bulb,garlic,peeled,crushed,tablespoons,thinly,sliced,fresh,ginger,root,bay,leaves,tablespoon,black,peppercorns
102,Bacon,Wrapped,Hotdogs,  ,hot,dogs,into,thirds,slices,bacon,in,half,packed,brown,sugar
176,Chocolate,Chews,  ,semisweet,chocolate,chips,butter,softened,white,sugar,packed,brown,sugar,eggs,vanilla,extract,all,purpose,flour,baking,powder,baking,soda
250,German,Sweet,Chocolate,Pie,  ,ounce,bar,German,sweet,chocolate,milk,ounces,cream,cheese,softened,tablespoons,white,sugar,ounce,container,frozen,whipped,topping,thawed,prepared,graham,cracker,crust
143,Flavorful,Rice,Dressing,  ,slices,day,old,bread,torn,torn,corn,bread,hot,water,thinly,sliced,celery,onion,sliced,fresh,mushrooms,tablespoon,vegetable,oil,firmly,packed,sliced,fresh,spinach,cooked,long,grain,rice,cooked,wild,rice,orange,juice,egg,beaten,rubbed,sage,dried,thyme,salt,sugar,pepper
133,Cosmopolitan,  ,fluid,ounce,jigger,vodka,fluid,ounce,cointreau,fresh,lime,juice,fluid,ounces,cranberry,juice,twist,lime,zest,garnish
21,Cupids,Cookies,  ,butter,white,sugar,egg,vanilla,extract,sifted,all,purpose,flour,salt,rolled,oats,peppermint,extract,drops,red,food,coloring,tablespoons,confectioners,sugar,ounce,bars,milk,chocolate,candy
103,Grandmas,Carrot,Cake,  ,all,purpose,flour,baking,soda,ground,cinnamon,white,sugar,vegetable,oil,eggs,vanilla,extract,walnuts,ounce,crushed,pineapple,drained,carrots,grated,flaked,coconut,butter,white,sugar,buttermilk,vanilla,extract
160,Elizabeths,Extreme,Chocolate,Lovers,Cake,  ,all,purpose,flour,baking,soda,salt,ounce,squares,unsweetened,chocolate,unsalted,butter,dark,brown,sugar,eggs,tablespoons,vanilla,extract,sour,cream,water,ounce,squares,unsweetened,chocolate,unsalted,butter,egg,yolk,confectioners,sugar,tablespoons,vanilla,extract,tablespoons,heavy,cream,ounce,package,cream,cheese,softened,bittersweet,chocolate,chips,heavy,cream
240,Anzac,Biscuits,    ,quick,cooking,oats,flaked,coconut,all,purpose,flour,baking,soda,white,sugar,butter,tablespoon,golden,syrup,tablespoons,boiling,water
109,Feta,Chicken,Salad,  ,diced,cooked,chicken,large,stalks,celery,diced,red,bell,pepper,seeded,diced,red,onion,diced,tablespoons,mayonnaise,tablespoons,sour,cream,ounce,package,feta,cheese,crumbled,dried,dill,weed,pinch,salt,pepper,to,taste
165,Coq,au,Vin,alla, ,taliana,  ,pounds,dark,meat,chicken,pieces,tablespoon,vegetable,oil,cloves,crushed,garlic,all,purpose,flour,poultry,seasoning,ounce,links,sweet,Italian,sausage,sliced,onion,carrots,sliced,pound,fresh,mushrooms,sliced,dried,rosemary,red,wine,ounce,whole,peeled,tomatoes,salt,pepper,to,taste
142,Badische,Schupfnudeln,Potato,Noodles,  ,pounds,russet,potatoes,all,purpose,flour,egg,tablespoon,fresh,parsley,salt,freshly,ground,nutmeg,lard,other,cooking,fat
167,Cookie,Jar,Sugar,Cookies,  ,white,sugar,all,purpose,flour,baking,powder,baking,soda,salt,ground,nutmeg,vanilla,extract,egg,softened,butter,margarine,sour,cream
2,Cake,Doughnuts,  ,all,purpose,flour,white,sugar,tablespoon,baking,powder,salt,ground,cinnamon,ground,nutmeg,milk,egg,beaten,butter,melted,cooled,vanilla,extract,quarts,oil,for,deep,frying,ground,cinnamon,white,sugar
238,Escargots,Vol,au,Vent,  ,helix,snails,without,shells,butter,softened,cloves,garlic,finely,green,onion,finely,tablespoon,finely,minced,fresh,parsley,freshly,ground,black,pepper,ground,nutmeg,tablespoons,dry,white,wine,puff,pastry,shells,mushroom,caps
3,Basil,Burgers,  ,pounds,ground,beef,tablespoons,Worcestershire,sauce,tablespoons,dried,basil,to,taste,garlic,salt,ground,black,pepper,hamburger,buns,split
166,Campagnard,Sauce,  ,cloves,garlic,minced,goat,cheese,celery,stalk,minced,tablespoons,balsamic,vinegar,olive,oil,salt,pepper,to,taste
